{
  "managers": [
    {
      "id": "TV",
      "name": "Trafikverket",
      "shortName": "Trafikverket"
    },
    {
      "id": "IB",
      "name": "Inlandsbanan AB",
      "shortName": "Inlandsbanan"
    },
    {
      "id": "APT",
      "name": "A-Train AB (Arlanda Express)",
      "shortName": "A-Train"
    },
    {
      "id": "ORE",
      "name": "Öresundståg AB",
      "shortName": "Öresundståg"
    },
    {
      "id": "SL",
      "name": "Storstockholms Lokaltrafik",
      "shortName": "SL"
    }
  ],
  "trackDesignations": [
    "111",
    "182",
    "401",
    "411",
    "421",
    "511",
    "520",
    "611",
    "701",
    "801",
    "900",
    "901",
    "902",
    "903",
    "904",
    "905"
  ],
  "stationCodes": [
    {
      "code": "A",
      "name": "Alingsås"
    },
    {
      "code": "Ag",
      "name": "Anneberg"
    },
    {
      "code": "Any",
      "name": "Aneby"
    },
    {
      "code": "Apn",
      "name": "Aspen"
    },
    {
      "code": "Ar",
      "name": "Arvika"
    },
    {
      "code": "Arb",
      "name": "Arboga"
    },
    {
      "code": "Arnc",
      "name": "Arlanda C"
    },
    {
      "code": "Asd",
      "name": "Aspedalen"
    },
    {
      "code": "Avky",
      "name": "Avesta Krylbo"
    },
    {
      "code": "Baa",
      "name": "Barkåkra"
    },
    {
      "code": "Bdf",
      "name": "Bodafors"
    },
    {
      "code": "Bf",
      "name": "Brunflo"
    },
    {
      "code": "Bg",
      "name": "Berga"
    },
    {
      "code": "Bhb",
      "name": "Bräkne-Hoby"
    },
    {
      "code": "Bhs",
      "name": "Bohus"
    },
    {
      "code": "Bib",
      "name": "Billeberga"
    },
    {
      "code": "Bih",
      "name": "Billesholm"
    },
    {
      "code": "Bjm",
      "name": "Bjärnum"
    },
    {
      "code": "Bjuv",
      "name": "Bjuv"
    },
    {
      "code": "Bl",
      "name": "Ballingslöv"
    },
    {
      "code": "Blgc",
      "name": "Borlänge C"
    },
    {
      "code": "Bln",
      "name": "Björkliden"
    },
    {
      "code": "Blv",
      "name": "Burlöv"
    },
    {
      "code": "Bma",
      "name": "Blomstermåla"
    },
    {
      "code": "Bml",
      "name": "Bromölla"
    },
    {
      "code": "Bn",
      "name": "Bollnäs"
    },
    {
      "code": "Bor",
      "name": "Bor"
    },
    {
      "code": "Bro",
      "name": "Bro"
    },
    {
      "code": "Bry",
      "name": "Bankeryd"
    },
    {
      "code": "Bsc",
      "name": "Borås C"
    },
    {
      "code": "Bx",
      "name": "Boxholm"
    },
    {
      "code": "Bål",
      "name": "Bålsta"
    },
    {
      "code": "Bån",
      "name": "Båstad"
    },
    {
      "code": "Bä",
      "name": "Bräcke"
    },
    {
      "code": "Bäb",
      "name": "Bäckebron"
    },
    {
      "code": "Cg",
      "name": "Charlottenberg"
    },
    {
      "code": "Ck",
      "name": "Karlskrona C"
    },
    {
      "code": "Cr",
      "name": "Kristianstad C"
    },
    {
      "code": "Cst",
      "name": "Stockholm C"
    },
    {
      "code": "Dg",
      "name": "Degerfors"
    },
    {
      "code": "Dis",
      "name": "Diö"
    },
    {
      "code": "Dl",
      "name": "Dingle"
    },
    {
      "code": "Dt",
      "name": "Dingtuna"
    },
    {
      "code": "Du",
      "name": "Duved"
    },
    {
      "code": "Dös",
      "name": "Dösjebro"
    },
    {
      "code": "E",
      "name": "Eslöv"
    },
    {
      "code": "Ek",
      "name": "Eksjö"
    },
    {
      "code": "Em",
      "name": "Emmaboda"
    },
    {
      "code": "En",
      "name": "Edane"
    },
    {
      "code": "Ens",
      "name": "Enafors"
    },
    {
      "code": "Ep",
      "name": "Enköping"
    },
    {
      "code": "Et",
      "name": "Eskilstuna C"
    },
    {
      "code": "F",
      "name": "Falköping C"
    },
    {
      "code": "Fabp",
      "name": "Falkenberg"
    },
    {
      "code": "Fal",
      "name": "Falerum"
    },
    {
      "code": "Fas",
      "name": "Farsta strand"
    },
    {
      "code": "Fby",
      "name": "Floby"
    },
    {
      "code": "Fd",
      "name": "Floda"
    },
    {
      "code": "Fgc",
      "name": "Fagersta C"
    },
    {
      "code": "Fgn",
      "name": "Fagersta Norra"
    },
    {
      "code": "Fhm",
      "name": "Forshem"
    },
    {
      "code": "Flb",
      "name": "Flemingsberg"
    },
    {
      "code": "Fle",
      "name": "Flen"
    },
    {
      "code": "Fln",
      "name": "Falun C"
    },
    {
      "code": "Fm",
      "name": "Forserum"
    },
    {
      "code": "Fra",
      "name": "Fristad"
    },
    {
      "code": "Ft",
      "name": "Fränsta"
    },
    {
      "code": "Fv",
      "name": "Frövi"
    },
    {
      "code": "Fvk",
      "name": "Furuvik"
    },
    {
      "code": "För",
      "name": "Förslöv"
    },
    {
      "code": "Gal",
      "name": "Gamleby"
    },
    {
      "code": "Gas",
      "name": "Gamlestaden"
    },
    {
      "code": "Gdö",
      "name": "Gårdsjö"
    },
    {
      "code": "Gg",
      "name": "Grängesberg"
    },
    {
      "code": "Glv",
      "name": "Glumslöv"
    },
    {
      "code": "Gm",
      "name": "Gemla"
    },
    {
      "code": "Gms",
      "name": "Grums"
    },
    {
      "code": "Gn",
      "name": "Gnesta"
    },
    {
      "code": "Gnb",
      "name": "Gunnesbo"
    },
    {
      "code": "Gnf",
      "name": "Gagnef"
    },
    {
      "code": "Gnö",
      "name": "Gnosjö"
    },
    {
      "code": "Gop",
      "name": "Grästorp"
    },
    {
      "code": "Gss",
      "name": "Gärsnäs"
    },
    {
      "code": "Gä",
      "name": "Gävle C"
    },
    {
      "code": "Gö",
      "name": "Gällö"
    },
    {
      "code": "Hb",
      "name": "Helsingborg C"
    },
    {
      "code": "Hbd",
      "name": "Högboda"
    },
    {
      "code": "Hbgb",
      "name": "Ramlösa"
    },
    {
      "code": "Hd",
      "name": "Halmstad C"
    },
    {
      "code": "Hdm",
      "name": "Hedemora"
    },
    {
      "code": "Hdn",
      "name": "Holmsveden"
    },
    {
      "code": "Hel",
      "name": "Helenelund"
    },
    {
      "code": "Het",
      "name": "Hestra"
    },
    {
      "code": "Hf",
      "name": "Hultsfred"
    },
    {
      "code": "Hfa",
      "name": "Hemfosa"
    },
    {
      "code": "Hfr",
      "name": "Hofors"
    },
    {
      "code": "Hgv",
      "name": "Häggvik"
    },
    {
      "code": "Hh",
      "name": "Hallstahammar"
    },
    {
      "code": "Hie",
      "name": "Hyllie"
    },
    {
      "code": "Hjp",
      "name": "Hjärup"
    },
    {
      "code": "Hka",
      "name": "Huskvarna"
    },
    {
      "code": "Hkl",
      "name": "Hudiksvall"
    },
    {
      "code": "Hmö",
      "name": "Holmsjö"
    },
    {
      "code": "Hnd",
      "name": "Handen"
    },
    {
      "code": "Hnä",
      "name": "Hälleforsnäs"
    },
    {
      "code": "Ho",
      "name": "Habo"
    },
    {
      "code": "Hp",
      "name": "Haparanda"
    },
    {
      "code": "Hpbg",
      "name": "Hallsberg"
    },
    {
      "code": "Hrc",
      "name": "Herrljunga C"
    },
    {
      "code": "Hre",
      "name": "Horred"
    },
    {
      "code": "Hsd",
      "name": "Härnösand C"
    },
    {
      "code": "Hu",
      "name": "Huddinge"
    },
    {
      "code": "Hv",
      "name": "Hästveda"
    },
    {
      "code": "Hvp",
      "name": "Hovmantorp"
    },
    {
      "code": "Håp",
      "name": "Håkantorp"
    },
    {
      "code": "Hås",
      "name": "Hindås"
    },
    {
      "code": "Häp",
      "name": "Häljarp"
    },
    {
      "code": "Hö",
      "name": "Höör"
    },
    {
      "code": "In",
      "name": "Insjön"
    },
    {
      "code": "Jbo",
      "name": "Jordbro"
    },
    {
      "code": "Jkb",
      "name": "Jakobsberg"
    },
    {
      "code": "Jn",
      "name": "Järna"
    },
    {
      "code": "Jv",
      "name": "Jonsered"
    },
    {
      "code": "Jö",
      "name": "Jönköping C"
    },
    {
      "code": "K",
      "name": "Katrineholm C"
    },
    {
      "code": "Ka",
      "name": "Kattarp"
    },
    {
      "code": "Kac",
      "name": "Kalmar C"
    },
    {
      "code": "Kb",
      "name": "Kungsbacka"
    },
    {
      "code": "Kbä",
      "name": "Kolbäck"
    },
    {
      "code": "Kd",
      "name": "Kågeröd"
    },
    {
      "code": "Kda",
      "name": "Krigslida"
    },
    {
      "code": "Kde",
      "name": "Kode"
    },
    {
      "code": "Ke",
      "name": "Karlberg"
    },
    {
      "code": "Kg",
      "name": "Kävlinge"
    },
    {
      "code": "Kgå",
      "name": "Klostergården"
    },
    {
      "code": "Kh",
      "name": "Karlshamn"
    },
    {
      "code": "Khe",
      "name": "Hede"
    },
    {
      "code": "Khn",
      "name": "Kristinehamn"
    },
    {
      "code": "Khä",
      "name": "Kallhäll"
    },
    {
      "code": "Kil",
      "name": "Kil"
    },
    {
      "code": "Kisa",
      "name": "Kisa"
    },
    {
      "code": "Kl",
      "name": "Klippan"
    },
    {
      "code": "Kla",
      "name": "Kumla"
    },
    {
      "code": "Kls",
      "name": "Kilafors"
    },
    {
      "code": "Kms",
      "name": "Kimstad"
    },
    {
      "code": "Kn",
      "name": "Knivsta"
    },
    {
      "code": "Kon",
      "name": "Kolmården"
    },
    {
      "code": "Kp",
      "name": "Köping"
    },
    {
      "code": "Kpg",
      "name": "Kopparberg"
    },
    {
      "code": "Kr",
      "name": "Killeberg"
    },
    {
      "code": "Krd",
      "name": "Kållered"
    },
    {
      "code": "Kvh",
      "name": "Klevshult"
    },
    {
      "code": "Kvi",
      "name": "Kvidinge"
    },
    {
      "code": "Kän",
      "name": "Kungsängen"
    },
    {
      "code": "Kör",
      "name": "Kungsör"
    },
    {
      "code": "La",
      "name": "Ludvika"
    },
    {
      "code": "Laov",
      "name": "Laholm"
    },
    {
      "code": "Lb",
      "name": "Lingbo"
    },
    {
      "code": "Ld",
      "name": "Lindesberg"
    },
    {
      "code": "Ldo",
      "name": "Lindome"
    },
    {
      "code": "Le",
      "name": "Luleå"
    },
    {
      "code": "Les",
      "name": "Lödöse Södra"
    },
    {
      "code": "Lg",
      "name": "Läggesta"
    },
    {
      "code": "Lgm",
      "name": "Linghem"
    },
    {
      "code": "Lh",
      "name": "Lammhult"
    },
    {
      "code": "Lis",
      "name": "Liseberg"
    },
    {
      "code": "Lj",
      "name": "Ljungskile"
    },
    {
      "code": "Lju",
      "name": "Ljung"
    },
    {
      "code": "Lkp",
      "name": "Lidköping"
    },
    {
      "code": "Lkö",
      "name": "Landskrona"
    },
    {
      "code": "Lme",
      "name": "Limmared"
    },
    {
      "code": "Lo",
      "name": "Lessebo"
    },
    {
      "code": "Lp",
      "name": "Linköping C"
    },
    {
      "code": "Lr",
      "name": "Lerum"
    },
    {
      "code": "Lrd",
      "name": "Landeryd"
    },
    {
      "code": "Ls",
      "name": "Ljusdal"
    },
    {
      "code": "Lsd",
      "name": "Leksand"
    },
    {
      "code": "Lu",
      "name": "Lund C"
    },
    {
      "code": "Ly",
      "name": "Lycksele"
    },
    {
      "code": "Lå",
      "name": "Laxå"
    },
    {
      "code": "Maa",
      "name": "Marma"
    },
    {
      "code": "Mc",
      "name": "Malmö C"
    },
    {
      "code": "Mdn",
      "name": "Mölndal"
    },
    {
      "code": "Meh",
      "name": "Mehedeby"
    },
    {
      "code": "Mia",
      "name": "Maria"
    },
    {
      "code": "Mkl",
      "name": "Munkedal"
    },
    {
      "code": "Ml",
      "name": "Mellerud"
    },
    {
      "code": "Mo",
      "name": "Moheda"
    },
    {
      "code": "Mot",
      "name": "Motala C"
    },
    {
      "code": "Mr",
      "name": "Märsta"
    },
    {
      "code": "Mrc",
      "name": "Mora C"
    },
    {
      "code": "Mrd",
      "name": "Markaryd"
    },
    {
      "code": "Mru",
      "name": "Mörrum"
    },
    {
      "code": "Mst",
      "name": "Mariestad"
    },
    {
      "code": "Mt",
      "name": "Mantorp"
    },
    {
      "code": "Mu",
      "name": "Mullsjö"
    },
    {
      "code": "My",
      "name": "Mjölby"
    },
    {
      "code": "Myk",
      "name": "Mölnlycke"
    },
    {
      "code": "Må",
      "name": "Morgongåva"
    },
    {
      "code": "Måp",
      "name": "Månsarp"
    },
    {
      "code": "Mö",
      "name": "Mölnbo"
    },
    {
      "code": "Mör",
      "name": "Mörarp"
    },
    {
      "code": "N",
      "name": "Nässjö C"
    },
    {
      "code": "Ngd",
      "name": "Nynäsgård"
    },
    {
      "code": "Nk",
      "name": "Nyköping C"
    },
    {
      "code": "Nkv",
      "name": "Nykvarn"
    },
    {
      "code": "Nog",
      "name": "Nordmaling"
    },
    {
      "code": "Nol",
      "name": "Nol"
    },
    {
      "code": "Nr",
      "name": "Norrköping C"
    },
    {
      "code": "Ns",
      "name": "Norsesund"
    },
    {
      "code": "Nvk",
      "name": "Norrviken"
    },
    {
      "code": "Nvn",
      "name": "Notviken"
    },
    {
      "code": "Nyb",
      "name": "Nybro"
    },
    {
      "code": "Nyc",
      "name": "Nynäshamn"
    },
    {
      "code": "Nöe",
      "name": "Nödinge"
    },
    {
      "code": "O",
      "name": "Osby"
    },
    {
      "code": "Ob",
      "name": "Ockelbo"
    },
    {
      "code": "P",
      "name": "Partille"
    },
    {
      "code": "Pt",
      "name": "Perstorp"
    },
    {
      "code": "Påa",
      "name": "Påarp"
    },
    {
      "code": "R",
      "name": "Rotebro"
    },
    {
      "code": "Rb",
      "name": "Ronneby"
    },
    {
      "code": "Rd",
      "name": "Rävlanda"
    },
    {
      "code": "Rdg",
      "name": "Rydsgård"
    },
    {
      "code": "Rf",
      "name": "Rimforsa"
    },
    {
      "code": "Rs",
      "name": "Rosersberg"
    },
    {
      "code": "Rv",
      "name": "Rättvik"
    },
    {
      "code": "Rym",
      "name": "Rydaholm"
    },
    {
      "code": "Ryä",
      "name": "Rydebäck"
    },
    {
      "code": "Rön",
      "name": "Rönninge"
    },
    {
      "code": "Sae",
      "name": "Sandared"
    },
    {
      "code": "Sal",
      "name": "Svalöv"
    },
    {
      "code": "Sdr",
      "name": "Smålandsstenar"
    },
    {
      "code": "Sea",
      "name": "Svedala"
    },
    {
      "code": "See",
      "name": "Skene"
    },
    {
      "code": "Sfl",
      "name": "Säffle"
    },
    {
      "code": "Sg",
      "name": "Stehag"
    },
    {
      "code": "Shr",
      "name": "Surahammar"
    },
    {
      "code": "Shv",
      "name": "Söderhamn"
    },
    {
      "code": "Sk",
      "name": "Skövde C"
    },
    {
      "code": "Ske",
      "name": "Skee"
    },
    {
      "code": "Skg",
      "name": "Skogås"
    },
    {
      "code": "Skn",
      "name": "Skänninge"
    },
    {
      "code": "Sl",
      "name": "Sala"
    },
    {
      "code": "Sm",
      "name": "Sandhem"
    },
    {
      "code": "Smj",
      "name": "Smedjebacken"
    },
    {
      "code": "Sn",
      "name": "Stenkullen"
    },
    {
      "code": "Snu",
      "name": "Stenungsund"
    },
    {
      "code": "Snv",
      "name": "Sandviken"
    },
    {
      "code": "So",
      "name": "Solna"
    },
    {
      "code": "Sol",
      "name": "Sollentuna"
    },
    {
      "code": "Spå",
      "name": "Spånga"
    },
    {
      "code": "Srp",
      "name": "Skurup"
    },
    {
      "code": "Srv",
      "name": "Storvreta"
    },
    {
      "code": "Ss",
      "name": "Stenstorp"
    },
    {
      "code": "Sst",
      "name": "Stockholms S"
    },
    {
      "code": "Ssä",
      "name": "Segersäng"
    },
    {
      "code": "St",
      "name": "Säter"
    },
    {
      "code": "Sta",
      "name": "Stuvsta"
    },
    {
      "code": "Stb",
      "name": "Stångby"
    },
    {
      "code": "Std",
      "name": "Stöde"
    },
    {
      "code": "Sth",
      "name": "Stora Höga"
    },
    {
      "code": "Stl",
      "name": "Ställdalen"
    },
    {
      "code": "Stp",
      "name": "Svågertorp"
    },
    {
      "code": "Str",
      "name": "Storlien"
    },
    {
      "code": "Sub",
      "name": "Sundbyberg"
    },
    {
      "code": "Suc",
      "name": "Sundsvall C"
    },
    {
      "code": "Sue",
      "name": "Surte"
    },
    {
      "code": "Sun",
      "name": "Sunne"
    },
    {
      "code": "Sur",
      "name": "Skutskär"
    },
    {
      "code": "Sus",
      "name": "Sunderby sjukhus"
    },
    {
      "code": "Suv",
      "name": "Sundsvall V"
    },
    {
      "code": "Sv",
      "name": "Storvik"
    },
    {
      "code": "Svg",
      "name": "Svenshögen"
    },
    {
      "code": "Sy",
      "name": "Stockaryd"
    },
    {
      "code": "Syd",
      "name": "Skillingaryd"
    },
    {
      "code": "Syt",
      "name": "Skyttorp"
    },
    {
      "code": "Sä",
      "name": "Sävsjö"
    },
    {
      "code": "Söc",
      "name": "Södertälje Centrum"
    },
    {
      "code": "Söd",
      "name": "Södertälje hamn"
    },
    {
      "code": "Sög",
      "name": "Sölvesborg"
    },
    {
      "code": "Söla",
      "name": "Sösdala"
    },
    {
      "code": "Söu",
      "name": "Södertälje Syd (SL)"
    },
    {
      "code": "Söö",
      "name": "Södertälje Syd"
    },
    {
      "code": "T",
      "name": "Töreboda"
    },
    {
      "code": "Tbo",
      "name": "Tobo"
    },
    {
      "code": "Th",
      "name": "Tenhult"
    },
    {
      "code": "Thn",
      "name": "Trollhättan"
    },
    {
      "code": "Tip",
      "name": "Tierp"
    },
    {
      "code": "Tlg",
      "name": "Tällberg"
    },
    {
      "code": "Tli",
      "name": "Tomelilla"
    },
    {
      "code": "Tns",
      "name": "Tranås"
    },
    {
      "code": "Tnu",
      "name": "Tanum"
    },
    {
      "code": "To",
      "name": "Torpshammar"
    },
    {
      "code": "Tp",
      "name": "Teckomatorp"
    },
    {
      "code": "Tre",
      "name": "Trekanten"
    },
    {
      "code": "Trg",
      "name": "Trelleborg"
    },
    {
      "code": "Tri",
      "name": "Triangeln"
    },
    {
      "code": "Trå",
      "name": "Timrå"
    },
    {
      "code": "Ts",
      "name": "Tungelsta"
    },
    {
      "code": "Tu",
      "name": "Tumba"
    },
    {
      "code": "Tul",
      "name": "Tullinge"
    },
    {
      "code": "Ty",
      "name": "Tyringe"
    },
    {
      "code": "Tåd",
      "name": "Trångsund"
    },
    {
      "code": "Tö",
      "name": "Tjörnarp"
    },
    {
      "code": "U",
      "name": "Uppsala C"
    },
    {
      "code": "Udl",
      "name": "Ulriksdal"
    },
    {
      "code": "Un",
      "name": "Undersåker"
    },
    {
      "code": "Upv",
      "name": "Upplands Väsby"
    },
    {
      "code": "Uv",
      "name": "Uddevalla C"
    },
    {
      "code": "Uå",
      "name": "Umeå C"
    },
    {
      "code": "Uåö",
      "name": "Umeå Ö"
    },
    {
      "code": "Vaa",
      "name": "Vara"
    },
    {
      "code": "Vag",
      "name": "Vargön"
    },
    {
      "code": "Vbd",
      "name": "Västra Bodarne"
    },
    {
      "code": "Vdi",
      "name": "Veddige"
    },
    {
      "code": "Ve",
      "name": "Väse"
    },
    {
      "code": "Ved",
      "name": "Vedum"
    },
    {
      "code": "Vfa",
      "name": "Vissefjärda"
    },
    {
      "code": "Vg",
      "name": "Vänersborg C"
    },
    {
      "code": "Vga",
      "name": "Vega"
    },
    {
      "code": "Vgd",
      "name": "Vaggeryd"
    },
    {
      "code": "Vgå",
      "name": "Vårgårda"
    },
    {
      "code": "Vha",
      "name": "Vattholma"
    },
    {
      "code": "Vhd",
      "name": "Vagnhärad"
    },
    {
      "code": "Vhe",
      "name": "Västerhaninge"
    },
    {
      "code": "Vib",
      "name": "Vimmerby"
    },
    {
      "code": "Vid",
      "name": "Västra Ingelstad"
    },
    {
      "code": "Vk",
      "name": "Västervik"
    },
    {
      "code": "Vns",
      "name": "Vännäs"
    },
    {
      "code": "Vr",
      "name": "Vingåker"
    },
    {
      "code": "Vs",
      "name": "Vislanda"
    },
    {
      "code": "Vsd",
      "name": "Vikingstad"
    },
    {
      "code": "Vso",
      "name": "Virsbo"
    },
    {
      "code": "Vta",
      "name": "Vetlanda"
    },
    {
      "code": "Vå",
      "name": "Västerås C"
    },
    {
      "code": "Väc",
      "name": "Värnamo C"
    },
    {
      "code": "Väy",
      "name": "Västeraspby"
    },
    {
      "code": "Vö",
      "name": "Växjö"
    },
    {
      "code": "Vöv",
      "name": "Vinslöv"
    },
    {
      "code": "Y",
      "name": "Ystad"
    },
    {
      "code": "Yb",
      "name": "Ytterby"
    },
    {
      "code": "Åbe",
      "name": "Årstaberg"
    },
    {
      "code": "Åg",
      "name": "Ånge"
    },
    {
      "code": "Åk",
      "name": "Åkarp"
    },
    {
      "code": "Ål",
      "name": "Åmål"
    },
    {
      "code": "Åp",
      "name": "Åstorp"
    },
    {
      "code": "Åre",
      "name": "Åre"
    },
    {
      "code": "Åsa",
      "name": "Åsa"
    },
    {
      "code": "Åt",
      "name": "Åmotfors"
    },
    {
      "code": "Åvg",
      "name": "Åtvidaberg"
    },
    {
      "code": "Äbg",
      "name": "Ängelsberg"
    },
    {
      "code": "Äh",
      "name": "Älmhult"
    },
    {
      "code": "Äkb",
      "name": "Älvkarleby"
    },
    {
      "code": "Än",
      "name": "Älvängen"
    },
    {
      "code": "Äs",
      "name": "Älvsjö"
    },
    {
      "code": "Äy",
      "name": "Älvsbyn"
    },
    {
      "code": "Ö",
      "name": "Örtofta"
    },
    {
      "code": "Öb",
      "name": "Örebro S"
    },
    {
      "code": "Öda",
      "name": "Ödåkra"
    },
    {
      "code": "Ög",
      "name": "Östra Grevie"
    },
    {
      "code": "Öh",
      "name": "Örbyhus"
    },
    {
      "code": "Ök",
      "name": "Örnsköldsvik C"
    },
    {
      "code": "Önd",
      "name": "Önnestad"
    },
    {
      "code": "Ör",
      "name": "Örebro C"
    },
    {
      "code": "Ös",
      "name": "Östersund C"
    },
    {
      "code": "Öso",
      "name": "Ösmo"
    },
    {
      "code": "Öte",
      "name": "Östertälje"
    },
    {
      "code": "Öx",
      "name": "Öxnered"
    },
    {
      "code": "Ak",
      "name": "Abisko Östra"
    },
    {
      "code": "Bdn",
      "name": "Boden C"
    },
    {
      "code": "Gvc",
      "name": "Gällivare C"
    },
    {
      "code": "G",
      "name": "Göteborg C"
    },
    {
      "code": "Ksc",
      "name": "Karlstad C"
    },
    {
      "code": "Vbc",
      "name": "Varberg C"
    },
    {
      "code": "Av",
      "name": "Alvesta"
    },
    {
      "code": "Hm",
      "name": "Hässleholm"
    },
    {
      "code": "Ä",
      "name": "Ängelholm"
    },
    {
      "code": "Bkb",
      "name": "Barkarby"
    },
    {
      "code": "Ab",
      "name": "Arbrå"
    },
    {
      "code": "Acm",
      "name": "Avesta centrum"
    },
    {
      "code": "Ajr",
      "name": "Arvidsjaur"
    },
    {
      "code": "Akt",
      "name": "Abisko turiststation"
    },
    {
      "code": "Alv",
      "name": "Astrid Lindgrens värld"
    },
    {
      "code": "Arnn",
      "name": "Arlanda N"
    },
    {
      "code": "Arns",
      "name": "Arlanda S"
    },
    {
      "code": "Asb",
      "name": "Assberg"
    },
    {
      "code": "At.bad",
      "name": "Bad Gastein"
    },
    {
      "code": "At.inn",
      "name": "Innsbruck"
    },
    {
      "code": "At.Sal",
      "name": "Salzburg"
    },
    {
      "code": "At.Sch",
      "name": "Schwarzach St Veit"
    },
    {
      "code": "At.wör",
      "name": "Wörgl"
    },
    {
      "code": "At.zel",
      "name": "Zell am See"
    },
    {
      "code": "Auk",
      "name": "Auktsjaur"
    },
    {
      "code": "Ava",
      "name": "Avaviken"
    },
    {
      "code": "Bdy",
      "name": "Bredaryd"
    },
    {
      "code": "Bfo",
      "name": "Billingsfors"
    },
    {
      "code": "Bgm",
      "name": "Berghem"
    },
    {
      "code": "Bjo",
      "name": "Björketorp"
    },
    {
      "code": "Bjy",
      "name": "Björköby"
    },
    {
      "code": "Bmb",
      "name": "Blomberg"
    },
    {
      "code": "Bnk",
      "name": "Blattnicksele"
    },
    {
      "code": "Boa",
      "name": "Borgstena"
    },
    {
      "code": "Boy",
      "name": "Bollebygd"
    },
    {
      "code": "Brin",
      "name": "Brinellskolan"
    },
    {
      "code": "Brö",
      "name": "Bredsjö"
    },
    {
      "code": "Bst",
      "name": "Bastuträsk"
    },
    {
      "code": "Btg",
      "name": "Bratteborg"
    },
    {
      "code": "Bth",
      "name": "Basthagen"
    },
    {
      "code": "Buk",
      "name": "Brunsberg"
    },
    {
      "code": "Bur",
      "name": "Buresjön"
    },
    {
      "code": "But",
      "name": "Buterud"
    },
    {
      "code": "Båa",
      "name": "Bergåsa"
    },
    {
      "code": "De.aa",
      "name": "Hamburg-Altona"
    },
    {
      "code": "De.abg",
      "name": "Hamburg-Bergedorf"
    },
    {
      "code": "De.ah",
      "name": "Hamburg Hbf"
    },
    {
      "code": "De.ap",
      "name": "Pinneberg"
    },
    {
      "code": "De.bgs",
      "name": "Berlin-Gesundbrunnen"
    },
    {
      "code": "De.bl",
      "name": "Berlin Hbf"
    },
    {
      "code": "De.bsc",
      "name": "Berlin Schönefeld"
    },
    {
      "code": "De.bzo",
      "name": "Berlin Zoo. Garten"
    },
    {
      "code": "De.dc",
      "name": "Chemnitz Hbf"
    },
    {
      "code": "De.dh",
      "name": "Dresden"
    },
    {
      "code": "De.har",
      "name": "Hamburg-Harburg"
    },
    {
      "code": "De.mh",
      "name": "München"
    },
    {
      "code": "Dk.ap",
      "name": "Aarup"
    },
    {
      "code": "Dk.bd",
      "name": "Bred"
    },
    {
      "code": "Dk.bo",
      "name": "Borup"
    },
    {
      "code": "Dk.cph",
      "name": "Copenhagen Airport"
    },
    {
      "code": "Dk.eb",
      "name": "Ejby"
    },
    {
      "code": "Dk.fa",
      "name": "Fredericia"
    },
    {
      "code": "Dk.gae",
      "name": "Espergaerde"
    },
    {
      "code": "Dk.gd",
      "name": "Gelsted"
    },
    {
      "code": "Dk.gl",
      "name": "Glostrup"
    },
    {
      "code": "Dk.hg",
      "name": "Helsingör"
    },
    {
      "code": "Dk.hh",
      "name": "Hedehusene"
    },
    {
      "code": "Dk.hl",
      "name": "Hellerup"
    },
    {
      "code": "Dk.hp",
      "name": "Holmstrup"
    },
    {
      "code": "Dk.htå",
      "name": "Höje Taastrup"
    },
    {
      "code": "Dk.hum",
      "name": "Humlebaek"
    },
    {
      "code": "Dk.ka",
      "name": "Kauslunde"
    },
    {
      "code": "Dk.kd",
      "name": "Kolding"
    },
    {
      "code": "Dk.kh",
      "name": "Köpenhamn H"
    },
    {
      "code": "Dk.kjn",
      "name": "Köge Nord"
    },
    {
      "code": "Dk.kk",
      "name": "Österport"
    },
    {
      "code": "Dk.kl",
      "name": "Klampenborg"
    },
    {
      "code": "Dk.kn",
      "name": "Nörreport"
    },
    {
      "code": "Dk.kö",
      "name": "Korsör"
    },
    {
      "code": "Dk.lk",
      "name": "Lunderskov"
    },
    {
      "code": "Dk.lv",
      "name": "Langeskov"
    },
    {
      "code": "Dk.md",
      "name": "Middelfart"
    },
    {
      "code": "Dk.na",
      "name": "Nörre Åby"
    },
    {
      "code": "Dk.ng",
      "name": "Nyborg"
    },
    {
      "code": "Dk.ni",
      "name": "Nivå"
    },
    {
      "code": "Dk.od",
      "name": "Odense"
    },
    {
      "code": "Dk.oj",
      "name": "Vojens"
    },
    {
      "code": "Dk.ok",
      "name": "Kokkedal"
    },
    {
      "code": "Dk.pa",
      "name": "Padborg"
    },
    {
      "code": "Dk.rg",
      "name": "Ringsted"
    },
    {
      "code": "Dk.ro",
      "name": "Roskilde"
    },
    {
      "code": "Dk.rq",
      "name": "Rödekro"
    },
    {
      "code": "Dk.ru",
      "name": "Rungsted Kyst"
    },
    {
      "code": "Dk.sc",
      "name": "Skalbjerg"
    },
    {
      "code": "Dk.sg",
      "name": "Slagelse"
    },
    {
      "code": "Dk.so",
      "name": "Sorö"
    },
    {
      "code": "Dk.sq",
      "name": "Snekkersten"
    },
    {
      "code": "Dk.så",
      "name": "Skodsborg"
    },
    {
      "code": "Dk.te",
      "name": "Tinglev"
    },
    {
      "code": "Dk.tl",
      "name": "Taulov"
    },
    {
      "code": "Dk.tp",
      "name": "Tommerup"
    },
    {
      "code": "Dk.tåt",
      "name": "Tårnby"
    },
    {
      "code": "Dk.vb",
      "name": "Vedbaek"
    },
    {
      "code": "Dk.vm",
      "name": "Vamdrup"
    },
    {
      "code": "Dk.vy",
      "name": "Viby Sj"
    },
    {
      "code": "Dk.öre",
      "name": "Örestad"
    },
    {
      "code": "Dre",
      "name": "Derome"
    },
    {
      "code": "Dta",
      "name": "Dorotea"
    },
    {
      "code": "Dtc",
      "name": "Dorotea camping"
    },
    {
      "code": "Då",
      "name": "Djurås"
    },
    {
      "code": "Ebk",
      "name": "Edsbjörke"
    },
    {
      "code": "Ed",
      "name": "Ed"
    },
    {
      "code": "Ei",
      "name": "Erikslund"
    },
    {
      "code": "Esn",
      "name": "Ekenässjön"
    },
    {
      "code": "Fc",
      "name": "Framnäs city"
    },
    {
      "code": "Feö",
      "name": "Fågelsjö"
    },
    {
      "code": "Fgå",
      "name": "Fagerås"
    },
    {
      "code": "Fid",
      "name": "Filipstad"
    },
    {
      "code": "Fiä",
      "name": "Filsbäck"
    },
    {
      "code": "Fjå",
      "name": "Fjällåsen"
    },
    {
      "code": "Fki",
      "name": "Fjälkinge"
    },
    {
      "code": "Fkr",
      "name": "Fåker"
    },
    {
      "code": "Flgd",
      "name": "Friluftsgården"
    },
    {
      "code": "Fod",
      "name": "Forsheda"
    },
    {
      "code": "Frl",
      "name": "Fritsla"
    },
    {
      "code": "Frå",
      "name": "Frykåsen"
    },
    {
      "code": "Fs",
      "name": "Fors"
    },
    {
      "code": "Fud",
      "name": "Furulund"
    },
    {
      "code": "Gan",
      "name": "Gantofta"
    },
    {
      "code": "Gdv",
      "name": "Gröndalsviken"
    },
    {
      "code": "Ghy",
      "name": "Grythyttan"
    },
    {
      "code": "Gnp",
      "name": "Gnarp"
    },
    {
      "code": "Gpc",
      "name": "Geogr. Polcirkeln"
    },
    {
      "code": "Gä.f",
      "name": "Tåghallen"
    },
    {
      "code": "Gä.g",
      "name": "Gasklockorna"
    },
    {
      "code": "Gä.h",
      "name": "Gävle hamn"
    },
    {
      "code": "Gä.j",
      "name": "Järnvägsmuseum"
    },
    {
      "code": "Hgs",
      "name": "Häggenås"
    },
    {
      "code": "Hks",
      "name": "Hackås"
    },
    {
      "code": "Hlf",
      "name": "Hällefors"
    },
    {
      "code": "Hlk",
      "name": "Hällekis"
    },
    {
      "code": "Hlr",
      "name": "Horndals Bruk"
    },
    {
      "code": "Hls",
      "name": "Hällnäs"
    },
    {
      "code": "Hlv",
      "name": "Hällevadsholm"
    },
    {
      "code": "Hok",
      "name": "Hok"
    },
    {
      "code": "Hova",
      "name": "Hova"
    },
    {
      "code": "Hsr",
      "name": "Hasslerör"
    },
    {
      "code": "Htg",
      "name": "Hoting"
    },
    {
      "code": "Hum",
      "name": "Husum"
    },
    {
      "code": "Hvr",
      "name": "Håverud"
    },
    {
      "code": "Hvs",
      "name": "Hovslätt"
    },
    {
      "code": "Hy",
      "name": "Heby"
    },
    {
      "code": "Höf",
      "name": "Hörnefors"
    },
    {
      "code": "Höy",
      "name": "Högsby"
    },
    {
      "code": "Id",
      "name": "Iggesund"
    },
    {
      "code": "It.bol",
      "name": "Bolzano"
    },
    {
      "code": "It.ven",
      "name": "Venedig"
    },
    {
      "code": "Jk",
      "name": "Jokkmokk"
    },
    {
      "code": "Jli",
      "name": "Jamtli"
    },
    {
      "code": "Jpn",
      "name": "Järpen"
    },
    {
      "code": "Jps",
      "name": "Järpås"
    },
    {
      "code": "Jr",
      "name": "Järvsö"
    },
    {
      "code": "Jrn",
      "name": "Jörn"
    },
    {
      "code": "Js",
      "name": "Jämtlands Sikås"
    },
    {
      "code": "Kbn",
      "name": "Karbenning"
    },
    {
      "code": "Kid",
      "name": "Kinnared"
    },
    {
      "code": "Kin",
      "name": "Kinna"
    },
    {
      "code": "Kjå",
      "name": "Katterjåkk"
    },
    {
      "code": "Kll",
      "name": "Källby"
    },
    {
      "code": "Klxv",
      "name": "Kalix Västra"
    },
    {
      "code": "Kmb",
      "name": "Kiruna"
    },
    {
      "code": "Knl",
      "name": "Knalleland"
    },
    {
      "code": "Kns",
      "name": "Kolsnäs"
    },
    {
      "code": "Kre",
      "name": "Kristinebergsbadet"
    },
    {
      "code": "Krf",
      "name": "Kramfors"
    },
    {
      "code": "Krm",
      "name": "Krokom"
    },
    {
      "code": "Ksus",
      "name": "Kvicksund"
    },
    {
      "code": "Ktm",
      "name": "Kaitum"
    },
    {
      "code": "Kvä",
      "name": "Välsviken"
    },
    {
      "code": "Kvö",
      "name": "Kvarnsjö"
    },
    {
      "code": "Kåb",
      "name": "Kåbdalis"
    },
    {
      "code": "Köp",
      "name": "Köpingebro"
    },
    {
      "code": "Len",
      "name": "Lene"
    },
    {
      "code": "Lgb",
      "name": "Långbron"
    },
    {
      "code": "Lhr",
      "name": "Lillhamra"
    },
    {
      "code": "Lit",
      "name": "Lit"
    },
    {
      "code": "Ljv",
      "name": "Ljungaverk"
    },
    {
      "code": "Lma",
      "name": "Lomma"
    },
    {
      "code": "Lnå",
      "name": "Lugnås"
    },
    {
      "code": "Lse",
      "name": "Ljusne"
    },
    {
      "code": "Lup",
      "name": "Lunnarp"
    },
    {
      "code": "Lvd",
      "name": "Lövliden"
    },
    {
      "code": "Lve",
      "name": "Lovene"
    },
    {
      "code": "Lyd",
      "name": "Lyrestad"
    },
    {
      "code": "Lys",
      "name": "Lysekil"
    },
    {
      "code": "Lyv",
      "name": "Lysvik"
    },
    {
      "code": "Låk",
      "name": "Låktatjåkka"
    },
    {
      "code": "Löb",
      "name": "Lövberga"
    },
    {
      "code": "Mar",
      "name": "Marieholm"
    },
    {
      "code": "Mbä",
      "name": "Malmbäck"
    },
    {
      "code": "Mfn",
      "name": "Munkflohögen"
    },
    {
      "code": "Mi",
      "name": "Mörsil"
    },
    {
      "code": "Mk",
      "name": "Murjek"
    },
    {
      "code": "Mlf",
      "name": "Meselefors"
    },
    {
      "code": "Mos",
      "name": "Moskosel"
    },
    {
      "code": "Moy",
      "name": "Mollaryd"
    },
    {
      "code": "Mpb",
      "name": "Persborg"
    },
    {
      "code": "Mras",
      "name": "Morastrand"
    },
    {
      "code": "Mrh",
      "name": "Marsvinsholm"
    },
    {
      "code": "Mrl",
      "name": "Mora lasarett"
    },
    {
      "code": "Msl",
      "name": "Mellansel"
    },
    {
      "code": "Nd",
      "name": "Nässundet"
    },
    {
      "code": "Nhr",
      "name": "Norrahammar"
    },
    {
      "code": "Njb",
      "name": "Njurundabommen"
    },
    {
      "code": "Nka",
      "name": "Nykroppa"
    },
    {
      "code": "Nl.ams",
      "name": "Amsterdam"
    },
    {
      "code": "No.bjf",
      "name": "Bjørnfjell"
    },
    {
      "code": "No.hel",
      "name": "Hell"
    },
    {
      "code": "No.hld",
      "name": "Halden"
    },
    {
      "code": "No.kat",
      "name": "Katterat"
    },
    {
      "code": "No.kvg",
      "name": "Kongsvinger"
    },
    {
      "code": "No.lls",
      "name": "Lilleström"
    },
    {
      "code": "No.nk",
      "name": "Narvik"
    },
    {
      "code": "No.osl",
      "name": "Oslo"
    },
    {
      "code": "No.rom",
      "name": "Rombak"
    },
    {
      "code": "No.sbo",
      "name": "Sarpsborg"
    },
    {
      "code": "No.ski",
      "name": "Ski"
    },
    {
      "code": "No.sms",
      "name": "Straumsnes"
    },
    {
      "code": "No.sös",
      "name": "Sösterbekk"
    },
    {
      "code": "No.tnd",
      "name": "Trondheim"
    },
    {
      "code": "Ntv",
      "name": "Nattavaara"
    },
    {
      "code": "Nä",
      "name": "Nälden"
    },
    {
      "code": "Ol",
      "name": "Oleby"
    },
    {
      "code": "Om",
      "name": "Oskarström"
    },
    {
      "code": "Ors",
      "name": "Orsa"
    },
    {
      "code": "Ory",
      "name": "Ormaryd"
    },
    {
      "code": "Ot",
      "name": "Ottebol"
    },
    {
      "code": "Ox",
      "name": "Oxie"
    },
    {
      "code": "Pj",
      "name": "Porjus"
    },
    {
      "code": "Pl",
      "name": "Pilgrimstad"
    },
    {
      "code": "Pt.lis",
      "name": "Lissabon"
    },
    {
      "code": "Rbh",
      "name": "Rabbalshede"
    },
    {
      "code": "Rbk",
      "name": "Råbäck"
    },
    {
      "code": "Rft",
      "name": "Reftele"
    },
    {
      "code": "Rgn",
      "name": "Riksgränsen"
    },
    {
      "code": "Rjn",
      "name": "Röjan"
    },
    {
      "code": "Rkö",
      "name": "Rocksjön"
    },
    {
      "code": "Rmn",
      "name": "Ramnäs"
    },
    {
      "code": "Rog",
      "name": "Rosengård"
    },
    {
      "code": "Rt",
      "name": "Ransta"
    },
    {
      "code": "Rts",
      "name": "Rottneros"
    },
    {
      "code": "Röp",
      "name": "Rörstorp"
    },
    {
      "code": "S",
      "name": "Sveg"
    },
    {
      "code": "Sarp",
      "name": "Sannarp"
    },
    {
      "code": "Sbu",
      "name": "Strömsnäsbruk"
    },
    {
      "code": "Sci",
      "name": "Stockholm City"
    },
    {
      "code": "Sdnä",
      "name": "Sandsjönäs"
    },
    {
      "code": "Sdy",
      "name": "Smedby"
    },
    {
      "code": "Sf",
      "name": "Storfors"
    },
    {
      "code": "Sgs",
      "name": "Strängnäs"
    },
    {
      "code": "Sgä",
      "name": "Slagnäs"
    },
    {
      "code": "Si",
      "name": "Simrishamn"
    },
    {
      "code": "Sif",
      "name": "Sikfors"
    },
    {
      "code": "Sjka",
      "name": "Sjisjka"
    },
    {
      "code": "Skb",
      "name": "Skinnskatteberg"
    },
    {
      "code": "Skru",
      "name": "Skållerud"
    },
    {
      "code": "Smd",
      "name": "Strömstad"
    },
    {
      "code": "Smp",
      "name": "Smedstorp"
    },
    {
      "code": "Snö",
      "name": "Stensjön"
    },
    {
      "code": "Sod",
      "name": "Stockholm Odenplan"
    },
    {
      "code": "Sr",
      "name": "Storå"
    },
    {
      "code": "Sre",
      "name": "Söderbärke"
    },
    {
      "code": "Srn",
      "name": "Sörtjärn"
    },
    {
      "code": "Srs",
      "name": "Sorsele"
    },
    {
      "code": "Ste",
      "name": "Svarte"
    },
    {
      "code": "Stje",
      "name": "Stjerneskolan"
    },
    {
      "code": "Stlv",
      "name": "Stora Levene"
    },
    {
      "code": "Stv",
      "name": "Stavre"
    },
    {
      "code": "Sum",
      "name": "Storuman"
    },
    {
      "code": "Svc",
      "name": "Svenstavik centrum"
    },
    {
      "code": "Tag",
      "name": "Taberg"
    },
    {
      "code": "Tby",
      "name": "Tandsbyn"
    },
    {
      "code": "Tgp",
      "name": "Tågarp"
    },
    {
      "code": "Tim",
      "name": "Timsfors"
    },
    {
      "code": "Tjsk",
      "name": "Tjustskolan"
    },
    {
      "code": "Tlt",
      "name": "Tolita"
    },
    {
      "code": "Tn",
      "name": "Tannefors"
    },
    {
      "code": "Tof",
      "name": "Tofta"
    },
    {
      "code": "Top",
      "name": "Torpåkra"
    },
    {
      "code": "Tou",
      "name": "Torup"
    },
    {
      "code": "Toy",
      "name": "Torsby"
    },
    {
      "code": "Trm",
      "name": "Trolmen"
    },
    {
      "code": "Tsl",
      "name": "Tisselskog"
    },
    {
      "code": "Tså",
      "name": "Torsåker"
    },
    {
      "code": "Tvd",
      "name": "Torved"
    },
    {
      "code": "Tvä",
      "name": "Tvärålund"
    },
    {
      "code": "Uf",
      "name": "Ulriksfors"
    },
    {
      "code": "Uö",
      "name": "Uddevalla Ö"
    },
    {
      "code": "Vad",
      "name": "Vad"
    },
    {
      "code": "Vaj",
      "name": "Varjisträsk"
    },
    {
      "code": "Vby",
      "name": "Vännäsby"
    },
    {
      "code": "Vbä",
      "name": "Verkebäck"
    },
    {
      "code": "Vdb",
      "name": "Värmlands Bro"
    },
    {
      "code": "Vdn",
      "name": "Vindeln"
    },
    {
      "code": "Vfo",
      "name": "Viskafors"
    },
    {
      "code": "Vj",
      "name": "Vassijaure"
    },
    {
      "code": "Vjm",
      "name": "Vojmån"
    },
    {
      "code": "Vl",
      "name": "Vallsta"
    },
    {
      "code": "Vma",
      "name": "Vilhelmina"
    },
    {
      "code": "Vman",
      "name": "Vilhelmina norra"
    },
    {
      "code": "Vsj",
      "name": "Vittsjö"
    },
    {
      "code": "Vtn",
      "name": "Vattnäs"
    },
    {
      "code": "Våk",
      "name": "Vallåkra"
    },
    {
      "code": "Vät",
      "name": "Västra Ämtervik"
    },
    {
      "code": "xAkm",
      "name": "Ankarsrum"
    },
    {
      "code": "xBlä",
      "name": "Blägda"
    },
    {
      "code": "xFsd",
      "name": "Fagersand"
    },
    {
      "code": "xFåt",
      "name": "Fårhult"
    },
    {
      "code": "xGnl",
      "name": "Gnötteln"
    },
    {
      "code": "xHfh",
      "name": "Hultsfreds Hembygdspark"
    },
    {
      "code": "xHjt",
      "name": "Hjorted"
    },
    {
      "code": "xLåö",
      "name": "Långsjön"
    },
    {
      "code": "xSpä",
      "name": "Spångenäs"
    },
    {
      "code": "xTna",
      "name": "Tuna"
    },
    {
      "code": "xTob",
      "name": "Totebo"
    },
    {
      "code": "xVas",
      "name": "Valstad"
    },
    {
      "code": "xVen",
      "name": "Vena"
    },
    {
      "code": "xVäm",
      "name": "Väderum"
    },
    {
      "code": "Yl",
      "name": "Ytterhogdal"
    },
    {
      "code": "Åb",
      "name": "Åsensbruk"
    },
    {
      "code": "Ånn",
      "name": "Ånn"
    },
    {
      "code": "Ås",
      "name": "Ås"
    },
    {
      "code": "Åsal",
      "name": "Åsarna C"
    },
    {
      "code": "Åsra",
      "name": "Åsarna S"
    },
    {
      "code": "Älo",
      "name": "Älvho"
    },
    {
      "code": "Äsr",
      "name": "Äskekärr"
    },
    {
      "code": "Öhl",
      "name": "Överhogdal"
    },
    {
      "code": "Öjr",
      "name": "Öjervik"
    },
    {
      "code": "Ökn",
      "name": "Örnsköldsvik N"
    },
    {
      "code": "Örs",
      "name": "Örsjö"
    },
    {
      "code": "Ösv",
      "name": "Östersund V"
    },
    {
      "code": "Övb",
      "name": "Överby"
    },
    {
      "code": "Övmb",
      "name": "Överums Bruk"
    },
    {
      "code": "Övn",
      "name": "Östervärn"
    },
    {
      "code": "Öäg",
      "name": "Österäng"
    }
  ]
}